,Sector,SW,NE,NW,SE,value
0,Sector 84,"28.3992344,76.9547099","28.4171845,76.9728238","28.4171845,76.9547099","28.3992344,76.9728238",0
1,Sector 81,"28.3810248,76.9358092","28.3955282,76.9566384","28.3955282,76.9358092","28.3810248,76.9566384",1
2,Sector 112,"28.5133462,77.0105771","28.5348138,77.0234394","28.5348138,77.0105771","28.5133462,77.0234394",2
3,Sector 104,"28.4686072,76.9808303","28.4931639,77.0085706","28.4931639,76.9808303","28.4686072,77.0085706",3
4,Sector 74,"28.4008281,77.0000093","28.4240826,77.0196986","28.4240826,77.0000093","28.4008281,77.0196986",4
5,Sector 102,"28.4678764,76.9607315","28.4860356,76.9808303","28.4860356,76.9607315","28.4678764,76.9808303",5
6,Sector 60,"28.3785617,77.0778276","28.4185617,77.1178276","28.4185617,77.0778276","28.3785617,77.1178276",6
7,Sector 66,"28.3774292,77.0338823","28.4174292,77.0738823","28.4174292,77.0338823","28.3774292,77.0738823",7
8,Sector 110,"28.4953561,77.0081750","28.5187849,77.0269322","28.5187849,77.0081750","28.4953561,77.0269322",8
9,Sector 109,"28.5013412,76.9948373","28.5184844,77.0186166","28.5184844,76.9948373","28.5013412,77.0186166",9
10,Sector 65,"28.3939999,77.0589847","28.4122793,77.0805790","28.4122793,77.0589847","28.3939999,77.0805790",10
11,Sector 37D,"28.4299891,76.9602355","28.4615642,76.9842180","28.4615642,76.9602355","28.4299891,76.9842180",11
12,Sector 113 Gurgaon,"28.5187849,77.0185792","28.5362180,77.0340512","28.5362180,77.0185792","28.5187849,77.0340512",12
13,Sector 111,"28.5144708,77.0251671","28.5300656,77.0424046","28.5300656,77.0251671","28.5144708,77.0424046",13
14,Sushant Lok Phase 3,"28.4143567,77.0709427","28.4272426,77.0911594","28.4272426,77.0709427","28.4143567,77.0911594",14
15,Sector 62,"28.3994698,77.0746581","28.4173299,77.0923553","28.4173299,77.0746581","28.3994698,77.0923553",15
16,Sector 57,"28.4122793,77.0648143","28.4306451,77.0912480","28.4306451,77.0648143","28.4122793,77.0912480",16
17,Sector 59,"28.3830162,77.0866682","28.4230162,77.1266682","28.4230162,77.0866682","28.3830162,77.1266682",17
18,Sector 37C,"28.4424744,76.9782526","28.4544427,76.9972285","28.4544427,76.9782526","28.4424744,76.9972285",18
19,Sector 53,"28.4312887,77.0876834","28.4502537,77.1053206","28.4502537,77.0876834","28.4312887,77.1053206",19
20,Sector 28,"28.4679062,77.0715635","28.4814775,77.0946320","28.4814775,77.0715635","28.4679062,77.0946320",20
21,Sector 67,"28.3664052,77.0398046","28.4064052,77.0798046","28.4064052,77.0398046","28.3664052,77.0798046",21
22,Sector 54,"28.4313367,77.0994329","28.4504499,77.1220533","28.4504499,77.0994329","28.4313367,77.1220533",22
23,Sector 106,"28.4931639,76.9854207","28.5144465,77.0081750","28.5144465,76.9854207","28.4931639,77.0081750",23
24,Sector 108,"28.5071706,76.9706359","28.5212528,76.9991059","28.5212528,76.9706359","28.5071706,76.9991059",24
25,Sector 61,"28.3910188,77.0763685","28.4310188,77.1163685","28.4310188,77.0763685","28.3910188,77.1163685",25
26,DLF Phase 2,"28.4786554,77.0716828","28.4942383,77.0947450","28.4942383,77.0716828","28.4786554,77.0947450",26
27,Sector 82,"28.3861541,76.9509035","28.3992344,76.9674154","28.3992344,76.9509035","28.3861541,76.9674154",27
28,South City 2,"28.4188292,77.0438659","28.4189300,77.0439752","28.4189300,77.0438659","28.4188292,77.0439752",28
29,DLF Phase 5,"28.5019932,77.0938062","28.5052675,77.0966821","28.5052675,77.0938062","28.5019932,77.0966821",29
30,Sector 90,"28.4000485,76.9276481","28.4135610,76.9453919","28.4135610,76.9276481","28.4000485,76.9453919",30
31,Sector 103,"28.4817885,76.9720448","28.5071706,76.9994099","28.5071706,76.9720448","28.4817885,76.9994099",31
32,Sector 63,"28.3764476,77.0664980","28.4164476,77.1064980","28.4164476,77.0664980","28.3764476,77.1064980",32
33,Sector 107,"28.4984432,76.9620491","28.5157991,76.9854207","28.5157991,76.9620491","28.4984432,76.9854207",33
34,Malibu Town,"28.4194922,77.0392329","28.4279551,77.0546677","28.4279551,77.0392329","28.4194922,77.0546677",34
35,Sector 63A,"28.4172746,77.0910767","28.4314754,77.1053206","28.4314754,77.0910767","28.4172746,77.1053206",35
36,Sector 68,"28.3688970,77.0259859","28.4088970,77.0659859","28.4088970,77.0259859","28.3688970,77.0659859",36
37,Sector 48,"28.3904903,77.0194627","28.4304903,77.0594627","28.4304903,77.0194627","28.3904903,77.0594627",37
38,Sector 50,"28.4065560,77.0518744","28.4265483,77.0746581","28.4265483,77.0518744","28.4065560,77.0746581",38
39,Sector 36A,"28.4002285,76.9519998","28.4402285,76.9919998","28.4402285,76.9519998","28.4002285,76.9919998",39
40,Sector 110 A,"28.4953561,77.0081750","28.5187849,77.0269322","28.5187849,77.0081750","28.4953561,77.0269322",40
41,Sector 51,"28.4205318,77.0572988","28.4368753,77.0754687","28.4368753,77.0572988","28.4205318,77.0754687",41
42,Sector 31,"28.4462503,77.0419032","28.4595874,77.0566718","28.4595874,77.0419032","28.4462503,77.0566718",42
43,Palam Vihar,"28.4911464,77.0146077","28.5050072,77.0285830","28.5050072,77.0146077","28.4911464,77.0285830",43
44,Sector 23,"28.5025964,77.0417925","28.5166427,77.0671624","28.5166427,77.0417925","28.5025964,77.0671624",44
45,Sector 46,"28.4276614,77.0492887","28.4438734,77.0673151","28.4438734,77.0492887","28.4276614,77.0673151",45
46,Sector 45,"28.4368753,77.0581972","28.4524700,77.0759032","28.4524700,77.0581972","28.4368753,77.0759032",46
47,Sector 67A,"28.4677037,77.0179221","28.4814427,77.0320237","28.4814427,77.0179221","28.4677037,77.0320237",47
48,Sector-33 Sohna,"28.2005681,77.0031377","28.4465841,77.2418683","28.4465841,77.0031377","28.2005681,77.2418683",48
49,Sohna,"28.2005681,77.0031377","28.4465841,77.2418683","28.4465841,77.0031377","28.2005681,77.2418683",49
50,Sector 36 Sohna,"28.4086456,77.1011878","28.4281810,77.1182005","28.4281810,77.1011878","28.4086456,77.1182005",50
51,Sector 71,"28.4005528,77.0160432","28.4200704,77.0308750","28.4200704,77.0160432","28.4005528,77.0308750",51
52,Sector 82A,"28.3790600,76.9566384","28.3916719,76.9728308","28.3916719,76.9566384","28.3790600,76.9728308",52
53,Sector 14,"28.4537840,77.0271827","28.4937840,77.0671827","28.4937840,77.0271827","28.4537840,77.0671827",53
54,DLF Phase 4,"28.4918548,77.0937304","28.4919548,77.0938304","28.4919548,77.0937304","28.4918548,77.0938304",54
55,Sector 72,"28.4005528,77.0233009","28.4242889,77.0402781","28.4242889,77.0233009","28.4005528,77.0402781",55
56,Sector 3,"28.4807364,77.0109259","28.5050072,77.0287828","28.5050072,77.0109259","28.4807364,77.0287828",56
57,Sector 85,"28.3955282,76.9453919","28.4120177,76.9608587","28.4120177,76.9453919","28.3955282,76.9608587",57
58,Sector 49,"28.4013433,77.0403237","28.4208461,77.0589847","28.4208461,77.0403237","28.4013433,77.0589847",58
59,Sector-2 Sohna,"28.2005681,77.0031377","28.4465841,77.2418683","28.4465841,77.0031377","28.2005681,77.2418683",59
60,Nirvana Country,"28.4081977,77.0574900","28.4217797,77.0733666","28.4217797,77.0574900","28.4081977,77.0733666",60
61,Sector 70,"28.3747261,77.0023138","28.4147261,77.0423138","28.4147261,77.0023138","28.3747261,77.0423138",61
62,Sector 88B,"28.4220223,76.9338495","28.4620223,76.9738495","28.4620223,76.9338495","28.4220223,76.9738495",62
63,Sector 88A,"28.4279229,76.9485789","28.4391412,76.9612918","28.4391412,76.9485789","28.4279229,76.9612918",63
64,Sector 99,"28.4445549,76.9428585","28.4845549,76.9828585","28.4845549,76.9428585","28.4445549,76.9828585",64
65,Sector 99A,"28.4354059,76.9310278","28.4754059,76.9710278","28.4754059,76.9310278","28.4354059,76.9710278",65
66,Sector 92,"28.4012233,76.8993916","28.4181216,76.9276849","28.4181216,76.8993916","28.4012233,76.9276849",66
67,Sector 69,"28.3760701,77.0172311","28.4160701,77.0572311","28.4160701,77.0172311","28.3760701,77.0572311",67
68,Gwal Pahari,"28.4275976,77.1416178","28.4376741,77.1554252","28.4376741,77.1416178","28.4275976,77.1554252",68
69,Sushant Lok Phase 1,"28.4483435,77.0747305","28.4611143,77.0892942","28.4611143,77.0747305","28.4483435,77.0892942",69
70,Sector 83,"28.3862180,76.9608587","28.4051340,76.9825179","28.4051340,76.9608587","28.3862180,76.9825179",70
71,MG Road,"28.4766764,77.0646579","28.4772817,77.0678738","28.4772817,77.0646579","28.4766764,77.0678738",71
72,Sector 70A,"28.3646684,77.0020391","28.4046684,77.0420391","28.4046684,77.0020391","28.3646684,77.0420391",72
73,Sector 79,"28.4950144,77.0687536","28.5119073,77.0916743","28.5119073,77.0687536","28.4950144,77.0916743",73
74,Sector 89,"28.4072042,76.9355611","28.4279650,76.9547099","28.4279650,76.9355611","28.4072042,76.9547099",74
75,Sector 42,"28.4492302,77.0952570","28.4679478,77.1220533","28.4679478,77.0952570","28.4492302,77.1220533",75
76,Sector 52,"28.4296677,77.0673151","28.4473152,77.0913054","28.4473152,77.0673151","28.4296677,77.0913054",76
77,Sector 86,"28.3880122,76.9313357","28.4072042,76.9509035","28.4072042,76.9313357","28.3880122,76.9509035",77
78,DLF Phase 1,"28.4665171,77.0801940","28.4865171,77.1001940","28.4865171,77.0801940","28.4665171,77.1001940",78
79,Sector 47,"28.4171357,77.0370191","28.4346743,77.0584137","28.4346743,77.0370191","28.4171357,77.0584137",79
80,Sector 26,"28.4679478,77.0937546","28.4850694,77.1106768","28.4850694,77.0937546","28.4679478,77.1106768",80
81,Sushant Lok Phase 2,"28.4588488,77.0731100","28.4679529,77.0838476","28.4679529,77.0731100","28.4588488,77.0838476",81
82,Sector 56,"28.4172746,77.0910767","28.4314754,77.1053206","28.4314754,77.0910767","28.4172746,77.1053206",82
83,DLF Phase 3,"28.4918548,77.0937304","28.4919548,77.0938304","28.4919548,77.0937304","28.4918548,77.0938304",83
84,Ardee City,"28.4355804,77.0709692","28.4463884,77.0834464","28.4463884,77.0709692","28.4355804,77.0834464",84
85,Sector 27,"28.4446566,77.0639505","28.4846566,77.1039505","28.4846566,77.0639505","28.4446566,77.1039505",85
86,Sector 55,"28.4192579,77.1051935","28.4314188,77.1184055","28.4314188,77.1051935","28.4192579,77.1184055",86
87,Sector 89 A,"28.4072042,76.9355611","28.4279650,76.9547099","28.4279650,76.9355611","28.4072042,76.9547099",87
88,Sector 93,"28.4084230,76.9241277","28.4207947,76.9416780","28.4207947,76.9241277","28.4084230,76.9416780",88
89,Ansal Plaza,"28.5107295,77.0410333","28.5118915,77.0425578","28.5118915,77.0410333","28.5107295,77.0425578",89
90,Heritage City,"28.4797555,77.0757007","28.4848935,77.0798901","28.4848935,77.0757007","28.4797555,77.0798901",90
91,Sushant Lok,"28.4706134,77.0797627","28.4707134,77.0798627","28.4707134,77.0797627","28.4706134,77.0798627",91
92,Sector 43,"28.4473152,77.0741115","28.4631626,77.0994329","28.4631626,77.0741115","28.4473152,77.0994329",92
93,South City 1,"28.4187919,77.0439742","28.4188928,77.0440835","28.4188928,77.0439742","28.4187919,77.0440835",93
94,Sector 22,"28.4970534,77.0575714","28.5114759,77.0714703","28.5114759,77.0575714","28.4970534,77.0714703",94
95,Sector 95,"28.3949443,76.8914892","28.4349443,76.9314892","28.4349443,76.8914892","28.3949443,76.9314892",95
96,Mayfield Garden,"28.4165009,77.0553416","28.4265483,77.0685475","28.4265483,77.0553416","28.4165009,77.0685475",96
97,Rosewood,"28.4049893,77.0513496","28.4155534,77.0589847","28.4155534,77.0513496","28.4049893,77.0589847",97
98,Suncity,"28.4331657,77.1368380","28.4379444,77.1383352","28.4379444,77.1368380","28.4331657,77.1383352",98
99,Sector 76,"28.3710112,76.9700243","28.4110112,77.0100243","28.4110112,76.9700243","28.3710112,77.0100243",99
100,Sector 4,"28.4688345,77.0019787","28.4807364,77.0179221","28.4807364,77.0019787","28.4688345,77.0179221",100
101,Sector 15 Part 2,"28.3579916,77.0698301","28.3611956,77.0698535","28.3611956,77.0698301","28.3579916,77.0698535",101
102,Valley View Estate,"28.4334343,77.1347453","28.4379960,77.1376325","28.4379960,77.1347453","28.4334343,77.1376325",102
103,Sector 1,"28.3485815,76.9400968","28.3716597,76.9592194","28.3716597,76.9400968","28.3485815,76.9592194",103
104,sector 58,"28.4086456,77.1011878","28.4281810,77.1182005","28.4281810,77.1011878","28.4086456,77.1182005",104
105,Sector 91,"28.3937778,76.9086172","28.4084230,76.9313357","28.4084230,76.9086172","28.3937778,76.9313357",105
106,Sohna Road,"28.4549006,77.0264690","28.4592938,77.0292560","28.4592938,77.0264690","28.4549006,77.0292560",106
107,DLF CITY,"28.4611143,77.0798273","28.4677035,77.0896737","28.4677035,77.0798273","28.4611143,77.0896737",107
108,Sector 33,"28.4262264,77.0101187","28.4478757,77.0370191","28.4478757,77.0101187","28.4262264,77.0370191",108
109,Sector 73,"28.4008164,77.0092134","28.4220077,77.0233009","28.4220077,77.0092134","28.4008164,77.0233009",109
110,Bhondsi,"28.3304798,77.0418737","28.3704798,77.0818737","28.3704798,77.0418737","28.3304798,77.0818737",110
111,Greenwood City,"28.4408105,77.0581972","28.4500074,77.0654085","28.4500074,77.0581972","28.4408105,77.0654085",111
112,Sector 10A,"28.4358808,76.9972285","28.4509323,77.0175083","28.4509323,76.9972285","28.4358808,77.0175083",112
113,Sector 39,"28.4346743,77.0414743","28.4491446,77.0581972","28.4491446,77.0414743","28.4346743,77.0581972",113
114,Sector 77,"28.3632337,76.9625570","28.4032337,77.0025570","28.4032337,76.9625570","28.3632337,77.0025570",114
115,Sector 30,"28.4558177,77.0497732","28.4687352,77.0639896","28.4687352,77.0497732","28.4558177,77.0639896",115
116,New Colony,"28.4570389,77.0054286","28.4736808,77.0231263","28.4736808,77.0054286","28.4570389,77.0231263",116
117,Sector 15,"28.3794851,76.9096825","28.3867902,76.9240718","28.3867902,76.9096825","28.3794851,76.9240718",117
118,Sector 40,"28.4438734,77.0508629","28.4553050,77.0640544","28.4553050,77.0508629","28.4438734,77.0640544",118
119,Surat Nagar 1,"28.4819456,76.9986461","28.4852155,77.0062880","28.4852155,76.9986461","28.4819456,77.0062880",119
120,Sector 5,"28.3647873,76.9194192","28.3722399,76.9340449","28.3722399,76.9194192","28.3647873,76.9340449",120
121,Sector 78,"28.3621222,76.9613960","28.3838833,76.9830167","28.3838833,76.9613960","28.3621222,76.9830167",121
122,Sector 7 Extension,"28.4807712,77.0198992","28.5207712,77.0598992","28.5207712,77.0198992","28.4807712,77.0598992",122
123,Sector 9,"28.3799132,76.8787979","28.3871405,76.8934127","28.3871405,76.8787979","28.3799132,76.8934127",123
124,Sector 23A,"28.5021627,77.0362827","28.5101533,77.0575714","28.5101533,77.0362827","28.5021627,77.0575714",124
125,Mayfield garden,"28.4243723,77.0535539","28.4286463,77.0584137","28.4286463,77.0535539","28.4243723,77.0584137",125
126,Sector 38,"28.4286120,77.0336801","28.4460043,77.0492887","28.4460043,77.0336801","28.4286120,77.0492887",126
127,Sector 2,"28.5021117,77.0246723","28.5148941,77.0417925","28.5148941,77.0246723","28.5021117,77.0417925",127
128,Sector 95A,"28.4084230,76.9241277","28.4207947,76.9416780","28.4207947,76.9241277","28.4084230,76.9416780",128
129,Sector 41,"28.4500074,77.0559905","28.4639585,77.0716604","28.4639585,77.0559905","28.4500074,77.0716604",129
130,sector 28,"28.4679062,77.0715635","28.4814775,77.0946320","28.4814775,77.0715635","28.4679062,77.0946320",130
131,Southern Peripheral Road,"28.4019451,77.0378369","28.4023980,77.0387019","28.4023980,77.0378369","28.4019451,77.0387019",131
132,South City,"28.4497391,77.0512091","28.4697391,77.0712091","28.4697391,77.0512091","28.4497391,77.0712091",132
133,Sector 17,"28.4687352,77.0534223","28.4850655,77.0704200","28.4850655,77.0534223","28.4687352,77.0704200",133
134,Samaspur,"28.4068030,77.0459832","28.4468030,77.0859832","28.4468030,77.0459832","28.4068030,77.0859832",134
135,Kadarpur,"28.3902920,77.0556926","28.3939638,77.0661074","28.3939638,77.0556926","28.3902920,77.0661074",135
136,sector 83,"28.3862180,76.9608587","28.4051340,76.9825179","28.4051340,76.9608587","28.3862180,76.9825179",136
137,Pataudi Road,"28.3428790,76.7472376","28.3528790,76.7572376","28.3528790,76.7472376","28.3428790,76.7572376",137
138,Sector 21,"28.5067703,77.0664100","28.5202589,77.0804111","28.5202589,77.0664100","28.5067703,77.0804111",138
139,Sector 9A,"28.4634896,76.9881219","28.4764407,77.0054286","28.4764407,76.9881219","28.4634896,77.0054286",139
140,Sector 17B,"28.4172746,77.0910767","28.4314754,77.1053206","28.4314754,77.0910767","28.4172746,77.1053206",140
141,Chakkarpur,"28.4313338,77.0869961","28.4723706,77.0954593","28.4723706,77.0869961","28.4313338,77.0954593",141
142,Sector 7,"28.4570389,77.0054286","28.4736808,77.0231263","28.4736808,77.0054286","28.4570389,77.0231263",142
143,Ashok Vihar Phase 1,"28.4767161,77.0074408","28.5167161,77.0474408","28.5167161,77.0074408","28.4767161,77.0474408",143
144,Sector-5 Sohna,"28.2005681,77.0031377","28.4465841,77.2418683","28.4465841,77.0031377","28.2005681,77.2418683",144
145,sector 62,"28.3994698,77.0746581","28.4173299,77.0923553","28.4173299,77.0746581","28.3994698,77.0923553",145
146,Farrukh Nagar,"28.4448838,76.8193523","28.4449838,76.8194523","28.4449838,76.8193523","28.4448838,76.8194523",146
147,Sector 80,"28.3612242,76.9568038","28.3790600,76.9664843","28.3790600,76.9568038","28.3612242,76.9664843",147
148,Dayanand Colony,"28.4703674,77.0171064","28.4755730,77.0249314","28.4755730,77.0171064","28.4703674,77.0249314",148
149,Sector 17C,"28.4731043,77.0602131","28.4745909,77.0617161","28.4745909,77.0602131","28.4731043,77.0617161",149
150,Cyber City,"28.4930703,77.0842567","28.5030703,77.0942567","28.5030703,77.0842567","28.4930703,77.0942567",150
151,Patel Nagar,"28.4655141,77.0392443","28.4656141,77.0393443","28.4656141,77.0392443","28.4655141,77.0393443",151
152,Ramgarh,"28.3893131,77.0630673","28.3989813,77.0687747","28.3989813,77.0630673","28.3893131,77.0687747",152
153,Sector 64,"28.3714643,77.0561983","28.4114643,77.0961983","28.4114643,77.0561983","28.3714643,77.0961983",153
154,Jharsa,"28.4345323,77.0391372","28.4545323,77.0591372","28.4545323,77.0391372","28.4345323,77.0591372",154
155,Civil Lines,"28.4607321,77.0323281","28.4634826,77.0354811","28.4634826,77.0323281","28.4607321,77.0354811",155
156,Sector 10,"28.4358808,76.9972285","28.4509323,77.0175083","28.4509323,76.9972285","28.4358808,77.0175083",156
157,Sector 22B,"28.5081439,77.0655628","28.5089735,77.0664426","28.5089735,77.0655628","28.5081439,77.0664426",157
158,Gurgaon,"28.4890374,77.0111072","28.4891374,77.0112072","28.4891374,77.0111072","28.4890374,77.0112072",158
159,Dwarka Expressway,"28.4171897,76.9605926","28.4337314,76.9700847","28.4337314,76.9605926","28.4171897,76.9700847",159
160,Palam Vihar Extension,"28.4807712,77.0198992","28.5207712,77.0598992","28.5207712,77.0198992","28.4807712,77.0598992",160
161,Sector 1A,"28.2005681,76.6510198","28.5409048,77.2418683","28.5409048,76.6510198","28.2005681,77.2418683",161
